{"test_accuracy": 0.7652173913043478, "test_precision": 0.8260869565217391, "test_recall": 0.9047619047619048, "test_f1": 0.8636363636363636}