{"accuracy": [0.7466878890991211, 0.8134605288505554, 0.8240593671798706, 0.8314785361289978, 0.8293587565422058, 0.840487539768219, 0.841017484664917, 0.845257043838501, 0.8521462678909302, 0.841017484664917, 0.8585055470466614, 0.839957594871521, 0.8627451062202454, 0.8547959923744202, 0.8579756021499634, 0.8579756021499634, 0.8738738894462585, 0.8675145506858826, 0.8643349409103394, 0.8781133890151978, 0.8812930583953857, 0.8685744404792786], "auc": [0.7792726755142212, 0.8743283748626709, 0.8810048699378967, 0.8949431777000427, 0.8976806998252869, 0.9099667072296143, 0.9147607088088989, 0.9244295954704285, 0.9229509234428406, 0.9187240600585938, 0.924645185470581, 0.92137610912323, 0.9337379932403564, 0.9351623058319092, 0.9290323853492737, 0.9353784322738647, 0.938296377658844, 0.9382572174072266, 0.9403387308120728, 0.941835880279541, 0.9469228386878967, 0.9397361278533936], "loss": [0.548656702041626, 0.421363890171051, 0.40579280257225037, 0.3866380751132965, 0.38423633575439453, 0.3625931143760681, 0.3533374071121216, 0.33531540632247925, 0.336465984582901, 0.3458564877510071, 0.33518221974372864, 0.3374253511428833, 0.3145933449268341, 0.3105539083480835, 0.3247798681259155, 0.3089872896671295, 0.3031158447265625, 0.30294981598854065, 0.3024832606315613, 0.2943604290485382, 0.2803989052772522, 0.2992435097694397], "precision": [0.7646141648292542, 0.8112915754318237, 0.8220140337944031, 0.8332009315490723, 0.8430566787719727, 0.8485342264175415, 0.8464025855064392, 0.8496361970901489, 0.8628098964691162, 0.8475263714790344, 0.8647540807723999, 0.8506972789764404, 0.8704620599746704, 0.8627772927284241, 0.8622657060623169, 0.8640458583831787, 0.8819617629051208, 0.8726376295089722, 0.8744804859161377, 0.8846473097801208, 0.8858560919761658, 0.8784346580505371], "recall": [0.8478824496269226, 0.9066551327705383, 0.9101123809814453, 0.9066551327705383, 0.8867761492729187, 0.9006050229072571, 0.9049265384674072, 0.9083837270736694, 0.9023336172103882, 0.9031979441642761, 0.9118409752845764, 0.8962835073471069, 0.9118409752845764, 0.9075194597244263, 0.9144338965415955, 0.9118409752845764, 0.9170268177986145, 0.9178910851478577, 0.9092480540275574, 0.9213483333587646, 0.9256698489189148, 0.9118409752845764], "val_accuracy": [0.8258706331253052, 0.8333333134651184, 0.8432835936546326, 0.8557214140892029, 0.823383092880249, 0.8383084535598755, 0.8507462739944458, 0.8656716346740723, 0.8208954930305481, 0.8407959938049316, 0.8656716346740723, 0.8656716346740723, 0.8681591749191284, 0.8606964945793152, 0.8830845952033997, 0.8656716346740723, 0.8731343150138855, 0.8781094551086426, 0.8557214140892029, 0.8631840944290161, 0.8631840944290161, 0.858208954334259], "val_auc": [0.8961721658706665, 0.9113117456436157, 0.9133312702178955, 0.919037938117981, 0.9195981621742249, 0.9257739782333374, 0.9311288595199585, 0.9347379207611084, 0.9356108903884888, 0.9325881004333496, 0.9331613183021545, 0.937760591506958, 0.935089647769928, 0.9381253719329834, 0.9382687211036682, 0.9403272867202759, 0.9392198324203491, 0.9378258585929871, 0.9389463067054749, 0.9409526586532593, 0.9409135580062866, 0.9423597455024719], "val_loss": [0.39512601494789124, 0.3741488754749298, 0.3584672510623932, 0.3484485447406769, 0.37506863474845886, 0.3527835011482239, 0.33615732192993164, 0.32523906230926514, 0.3682188093662262, 0.3492201864719391, 0.3228377103805542, 0.3215027153491974, 0.33430564403533936, 0.3377136290073395, 0.30964967608451843, 0.3219338655471802, 0.31569555401802063, 0.3129352033138275, 0.35352930426597595, 0.3184131979942322, 0.3250981569290161, 0.3390306234359741], "val_precision": [0.8235294222831726, 0.8352059721946716, 0.8279569745063782, 0.8430656790733337, 0.7926421165466309, 0.8131487965583801, 0.8229166865348816, 0.8404255509376526, 0.7806451320648193, 0.8116438388824463, 0.8453237414360046, 0.8428571224212646, 0.8409894108772278, 0.8298611044883728, 0.887159526348114, 0.8380281925201416, 0.8545454740524292, 0.8803088665008545, 0.8241379261016846, 0.8374558091163635, 0.8374558091163635, 0.8247422575950623], "val_recall": [0.9105691313743591, 0.9065040946006775, 0.9390243887901306, 0.9390243887901306, 0.9634146094322205, 0.9552845358848572, 0.9634146094322205, 0.9634146094322205, 0.9837398529052734, 0.9634146094322205, 0.9552845358848572, 0.9593495726585388, 0.9674796462059021, 0.9715447425842285, 0.9268292784690857, 0.9674796462059021, 0.9552845358848572, 0.9268292784690857, 0.9715447425842285, 0.9634146094322205, 0.9634146094322205, 0.9756097793579102]}